City_ID,City,Country,Date,Lat,Lng,Max Temp,Humidity,Cloudiness,Wind Speed
0,Arraial Do Cabo,BR,2020-02-19 03:51:59,-22.97,-42.03,77.0,88,76,13.87
1,Westport,US,2020-02-19 03:54:47,41.14,-73.36,44.01,87,90,4.7
2,Kapaa,US,2020-02-19 03:55:55,22.08,-159.32,78.8,78,40,23.04
3,Nanortalik,GL,2020-02-19 03:55:55,60.14,-45.24,22.84,59,100,37.18
4,Bandar-E Lengeh,IR,2020-02-19 03:55:55,26.56,54.88,64.4,63,0,4.7
5,Mataura,NZ,2020-02-19 03:55:55,-46.19,168.86,62.01,66,83,13.0
6,Ushuaia,AR,2020-02-19 03:55:55,-54.8,-68.3,46.4,87,75,25.28
7,Rio Gallegos,AR,2020-02-19 03:55:55,-51.62,-69.22,48.2,61,100,34.45
8,Punta Arenas,CL,2020-02-19 03:55:56,-53.15,-70.92,46.4,70,75,20.8
9,Trebisacce,IT,2020-02-19 03:55:56,39.87,16.53,51.01,87,40,9.17
10,Geraldton,AU,2020-02-19 03:52:30,-28.77,114.6,91.4,33,100,12.75
11,Komsomolskiy,UZ,2020-02-19 03:55:56,40.43,71.72,30.2,79,75,3.38
12,Busselton,AU,2020-02-19 03:55:56,-33.65,115.33,91.99,18,0,4.32
13,Leningradskiy,RU,2020-02-19 03:52:03,69.38,178.42,-18.92,94,45,17.25
14,Kamenka,RU,2020-02-19 03:55:57,51.32,42.77,35.01,96,100,5.01
15,Chuy,UY,2020-02-19 03:52:00,-33.7,-53.46,67.46,79,22,8.75
16,Tezu,IN,2020-02-19 03:55:57,27.92,96.17,68.18,47,12,2.89
17,Jamestown,US,2020-02-19 03:55:57,42.1,-79.24,34.0,86,75,9.17
18,Kodiak,US,2020-02-19 03:52:29,57.79,-152.41,33.8,55,1,10.29
19,Neiafu,TO,2020-02-19 03:55:58,-18.65,-173.98,82.4,65,40,5.82
20,Hermanus,ZA,2020-02-19 03:51:34,-34.42,19.23,68.0,88,0,7.0
21,Iki-Burul,RU,2020-02-19 03:55:58,45.82,44.65,26.6,100,0,0.18
22,Cape Town,ZA,2020-02-19 03:55:58,-33.93,18.42,69.01,82,0,10.29
23,Manokwari,ID,2020-02-19 03:55:58,-0.87,134.08,74.41,95,100,11.9
24,Provideniya,RU,2020-02-19 03:55:59,64.38,-173.3,6.8,77,40,17.9
25,Broome,US,2020-02-19 03:55:59,42.25,-75.83,39.0,80,90,3.36
26,Fare,PF,2020-02-19 03:55:59,-16.7,-151.02,82.74,75,100,11.25
27,Port Alfred,ZA,2020-02-19 03:51:28,-33.59,26.89,69.58,85,23,20.31
28,Rikitea,PF,2020-02-19 03:56:00,-23.12,-134.97,79.11,78,3,14.67
29,Narsaq,GL,2020-02-19 03:56:00,60.92,-46.05,12.2,56,59,3.36
30,Tuatapere,NZ,2020-02-19 03:51:38,-46.13,167.68,62.01,66,99,13.0
31,Skibbereen,IE,2020-02-19 03:56:00,51.55,-9.27,39.2,86,75,5.82
32,Ucluelet,CA,2020-02-19 03:53:14,48.93,-125.55,34.0,90,0,3.83
33,Mundo Novo,BR,2020-02-19 03:56:01,-11.86,-40.47,70.45,97,61,4.25
34,Sangin,AF,2020-02-19 03:56:01,32.07,64.84,43.66,71,0,3.71
35,Fortuna,US,2020-02-19 03:56:01,40.6,-124.16,44.01,93,1,2.33
36,Vaini,TO,2020-02-19 03:56:02,-21.2,-175.2,80.6,74,40,8.05
37,Puerto Ayora,EC,2020-02-19 03:51:26,-0.74,-90.35,77.59,84,3,8.48
38,Alofi,NU,2020-02-19 03:56:02,-19.06,-169.92,82.4,69,40,8.05
39,Bluff,NZ,2020-02-19 03:51:28,-46.6,168.33,62.01,66,0,13.0
40,New Norfolk,AU,2020-02-19 03:51:33,-42.78,147.06,66.0,47,75,21.92
41,Bethel,US,2020-02-19 03:52:33,41.37,-73.41,43.0,93,90,4.59
42,Butaritari,KI,2020-02-19 03:52:04,3.07,172.79,83.79,77,0,18.5
43,Chokurdakh,RU,2020-02-19 03:56:03,70.63,147.92,-5.24,97,98,9.91
44,Saint-Georges,GD,2020-02-19 03:56:03,12.06,-61.75,77.0,88,75,13.87
45,Mabaruma,GY,2020-02-19 03:56:03,8.2,-59.78,70.2,95,20,2.39
46,Fairbanks,US,2020-02-19 03:55:28,64.84,-147.72,21.0,92,1,2.62
47,Saskylakh,RU,2020-02-19 03:56:03,71.92,114.08,-9.87,86,0,7.29
48,Esperance,AU,2020-02-19 03:56:04,-33.87,121.9,73.4,43,100,11.41
49,Kaa-Khem,RU,2020-02-19 03:56:04,51.68,94.73,3.13,94,100,1.99
50,Kaitangata,NZ,2020-02-19 03:52:26,-46.28,169.85,66.0,53,90,11.99
51,Atuona,PF,2020-02-19 03:56:04,-9.8,-139.03,81.81,80,68,19.77
52,Cabo San Lucas,MX,2020-02-19 03:51:23,22.89,-109.91,71.6,53,5,8.05
53,Mwanga,TZ,2020-02-19 03:56:04,-4.8,38.2,69.04,98,43,1.5
54,Coahuayana,MX,2020-02-19 03:56:05,18.73,-103.68,73.4,78,20,3.44
55,Aloleng,PH,2020-02-19 03:56:05,16.13,119.78,85.42,36,0,12.21
56,Khani,GE,2020-02-19 03:56:05,41.96,42.96,48.2,45,0,13.87
57,Upata,VE,2020-02-19 03:56:05,8.01,-62.4,72.7,81,69,7.65
58,Ketou,BJ,2020-02-19 03:56:05,7.36,2.6,76.12,83,5,3.29
59,Kargil,IN,2020-02-19 03:56:06,34.57,76.1,3.2,90,100,1.59
60,Yei,SS,2020-02-19 03:56:06,4.09,30.68,70.52,70,85,3.36
61,Listvyanka,RU,2020-02-19 03:56:06,51.85,104.87,5.0,84,61,0.58
62,Upernavik,GL,2020-02-19 03:56:06,72.79,-56.15,-7.47,96,100,7.16
63,Vao,NC,2020-02-19 03:51:54,-22.67,167.48,79.2,73,6,10.8
64,Port Elizabeth,ZA,2020-02-19 03:56:06,-33.92,25.57,66.2,88,46,9.17
65,Saldanha,ZA,2020-02-19 03:56:07,-33.01,17.94,69.8,64,0,1.12
66,Hofn,IS,2020-02-19 03:56:07,64.25,-15.21,38.57,68,100,12.33
67,Cochrane,CA,2020-02-19 03:52:05,51.18,-114.47,14.0,78,20,5.82
68,Santa Ines,BR,2020-02-19 03:56:07,-3.67,-45.38,74.66,97,100,2.98
69,Yulara,AU,2020-02-19 03:53:10,-25.24,130.99,89.6,15,32,11.41
70,Leiyang,CN,2020-02-19 03:56:08,26.4,112.86,51.22,70,100,0.67
71,Abu Samrah,SY,2020-02-19 03:56:08,35.3,37.18,45.18,93,100,7.67
72,Tomatlan,MX,2020-02-19 03:54:00,19.93,-105.25,68.56,83,0,1.32
73,Georgetown,MY,2020-02-19 03:56:08,5.41,100.34,86.0,62,20,2.24
74,Basco,PH,2020-02-19 03:51:44,20.45,121.97,68.81,72,0,21.63
75,Bathsheba,BB,2020-02-19 03:56:09,13.22,-59.52,78.8,78,75,17.22
76,Airai,TL,2020-02-19 03:56:09,-8.93,125.41,79.61,70,39,4.45
77,Tiksi,RU,2020-02-19 03:56:09,71.69,128.87,-4.54,86,100,7.74
78,Sinegorye,RU,2020-02-19 03:56:09,62.08,150.48,-8.36,98,100,4.56
79,Katherine,AU,2020-02-19 03:56:09,-14.47,132.27,93.2,49,75,8.05
80,Banda Aceh,ID,2020-02-19 03:56:10,5.56,95.32,83.55,64,0,6.62
81,Mahebourg,MU,2020-02-19 03:52:03,-20.41,57.7,79.0,69,40,9.17
82,Prieska,ZA,2020-02-19 03:56:10,-29.66,22.75,69.66,71,23,13.06
83,Ajaccio,FR,2020-02-19 03:52:35,42.0,8.92,50.0,81,75,8.05
84,Buckeye,US,2020-02-19 03:53:03,33.37,-112.58,68.0,54,40,6.93
85,Albany,US,2020-02-19 03:52:20,42.6,-73.97,37.99,93,90,6.93
86,Salym,RU,2020-02-19 03:56:11,60.06,71.48,30.33,92,100,9.17
87,Canakkale,TR,2020-02-19 03:55:04,40.08,26.83,39.2,86,78,5.82
88,Montepuez,MZ,2020-02-19 03:56:11,-13.13,39.0,70.39,96,80,0.98
89,Tasiilaq,GL,2020-02-19 03:56:11,65.61,-37.64,23.0,79,100,19.46
90,Hilo,US,2020-02-19 03:51:36,19.73,-155.09,78.8,54,1,6.93
91,Clyde River,CA,2020-02-19 03:56:12,70.47,-68.59,-27.4,74,1,3.36
92,San Cristobal,VE,2020-02-19 03:52:05,7.77,-72.22,82.4,61,20,2.24
93,Tuktoyaktuk,CA,2020-02-19 03:51:33,69.45,-133.04,-4.0,76,75,12.75
94,Homer,US,2020-02-19 03:56:12,59.64,-151.55,33.8,86,90,6.93
95,Omboue,GA,2020-02-19 03:56:13,-1.57,9.26,75.29,94,77,1.83
96,Shenkursk,RU,2020-02-19 03:56:13,62.11,42.9,34.68,92,89,10.85
97,Labuhan,ID,2020-02-19 03:52:25,-6.88,112.21,80.55,83,100,4.81
98,Melhus,NO,2020-02-19 03:56:13,63.29,10.28,37.4,86,90,16.11
99,Nikolskoye,RU,2020-02-19 03:56:14,59.7,30.79,39.2,80,75,8.95
100,Namibe,AO,2020-02-19 03:56:14,-15.2,12.15,74.52,71,100,10.74
101,Ixtapa,MX,2020-02-19 03:55:21,20.7,-105.2,73.0,88,5,2.15
102,Verdun,FR,2020-02-19 03:56:14,49.25,5.33,44.01,92,100,11.99
103,Karatsu,JP,2020-02-19 03:56:14,33.44,129.97,57.99,50,40,2.24
104,Saint-Philippe,RE,2020-02-19 03:56:15,-21.36,55.77,79.0,69,40,4.7
105,Padang,ID,2020-02-19 03:56:15,-0.95,100.35,79.27,66,18,3.62
106,Alyangula,AU,2020-02-19 03:56:15,-13.85,136.42,86.0,70,47,2.24
107,Bandarbeyla,SO,2020-02-19 03:56:15,9.49,50.81,76.98,79,63,11.34
108,Hobart,AU,2020-02-19 03:51:55,-42.88,147.33,66.0,44,75,23.04
109,Volodarskiy,RU,2020-02-19 03:56:15,46.4,48.54,37.4,81,75,8.95
110,Dubbo,AU,2020-02-19 03:56:16,-32.25,148.62,78.8,39,75,16.11
111,Lasa,IT,2020-02-19 03:56:16,46.62,10.7,36.0,78,77,3.36
112,Pacific Grove,US,2020-02-19 03:56:16,36.62,-121.92,55.0,66,1,3.74
113,Panguna,PG,2020-02-19 03:56:16,-6.32,155.48,81.01,67,100,6.46
114,Codrington,AU,2020-02-19 03:56:16,-38.27,141.97,60.66,77,56,22.57
115,Sydney,AU,2020-02-19 03:55:56,-33.87,151.21,86.0,27,0,10.29
116,Ayan,RU,2020-02-19 03:56:17,56.45,138.17,10.49,71,100,4.29
117,Barrow,US,2020-02-19 03:56:17,71.29,-156.79,-2.2,77,90,23.04
118,Kenai,US,2020-02-19 03:51:45,60.55,-151.26,32.0,91,90,11.41
119,Deputatskiy,RU,2020-02-19 03:56:17,69.3,139.9,-11.06,92,84,3.78
120,Malakal,SS,2020-02-19 03:56:17,9.53,31.66,76.35,15,0,7.85
121,Cidreira,BR,2020-02-19 03:51:44,-30.18,-50.21,76.68,84,99,10.58
122,Ballina,AU,2020-02-19 03:56:18,-28.87,153.57,95.0,56,40,13.87
123,Kruisfontein,ZA,2020-02-19 03:56:18,-34.0,24.73,62.26,94,5,6.64
124,Meulaboh,ID,2020-02-19 03:56:18,4.14,96.13,81.23,79,91,2.62
125,Bredasdorp,ZA,2020-02-19 03:56:19,-34.53,20.04,68.0,82,86,10.29
126,Te Horo,NZ,2020-02-19 03:56:19,-40.81,175.12,71.01,77,73,23.04
127,Inhambane,MZ,2020-02-19 03:56:19,-23.86,35.38,78.8,94,20,4.7
128,Upington,ZA,2020-02-19 03:56:20,-28.45,21.26,73.4,83,100,1.12
129,Laguna,US,2020-02-19 03:52:52,38.42,-121.42,55.0,40,1,3.42
130,Nanton,CA,2020-02-19 03:56:20,50.35,-113.77,7.0,84,11,2.68
131,Sheregesh,RU,2020-02-19 03:56:20,52.92,87.99,13.93,92,100,4.7
132,Muriti,TZ,2020-02-19 03:56:21,-1.98,32.92,73.31,78,19,11.99
133,Qaanaaq,GL,2020-02-19 03:56:21,77.48,-69.36,-12.77,65,69,6.87
134,Bengkulu,ID,2020-02-19 03:52:16,-3.8,102.27,87.35,61,1,1.03
135,Pudozh,RU,2020-02-19 03:56:21,61.81,36.53,34.23,96,99,11.25
136,Ponta Do Sol,PT,2020-02-19 03:56:21,32.67,-17.1,59.0,67,75,16.11
137,Tshikapa,CD,2020-02-19 03:56:21,-6.42,20.8,69.12,96,1,0.36
138,Avera,US,2020-02-19 03:56:22,33.19,-82.53,62.6,99,90,3.27
139,Bubaque,GW,2020-02-19 03:56:22,11.28,-15.83,78.35,78,0,10.76
140,Lebu,CL,2020-02-19 03:56:22,-37.62,-73.65,58.24,72,0,9.93
141,Antofagasta,CL,2020-02-19 03:56:22,-23.65,-70.4,68.0,82,75,5.82
142,Lorengau,PG,2020-02-19 03:56:22,-2.02,147.27,83.55,78,54,16.4
143,East London,ZA,2020-02-19 03:56:23,-33.02,27.91,64.4,100,90,4.7
144,Castro,BR,2020-02-19 03:56:23,-24.79,-50.01,66.45,98,100,2.46
145,Kondoa,TZ,2020-02-19 03:56:23,-4.9,35.78,60.84,99,6,5.19
146,Turinskaya Sloboda,RU,2020-02-19 03:56:23,57.62,64.39,28.67,95,59,11.72
147,Kendari,ID,2020-02-19 03:56:23,-3.94,122.5,84.22,78,48,2.51
148,Salalah,OM,2020-02-19 03:54:12,17.02,54.09,68.0,77,20,4.7
149,Hithadhoo,MV,2020-02-19 03:56:24,-0.6,73.08,82.81,79,19,13.62
150,Road Town,VG,2020-02-19 03:51:45,18.42,-64.62,75.99,78,20,10.29
151,Faanui,PF,2020-02-19 03:56:24,-16.48,-151.75,82.85,75,100,12.53
152,Umba,RU,2020-02-19 03:56:24,66.69,34.34,26.47,94,100,11.18
153,Cordoba,AR,2020-02-19 03:55:28,-31.41,-64.18,69.01,82,0,9.17
154,Pampas,PE,2020-02-19 03:56:25,-12.4,-74.9,44.74,94,100,1.43
155,Nome,US,2020-02-19 03:51:46,64.5,-165.41,25.0,85,90,14.99
156,Cap Malheureux,MU,2020-02-19 03:56:25,-19.98,57.61,79.0,69,40,9.17
157,Shimoda,JP,2020-02-19 03:56:25,34.67,138.95,51.8,62,75,10.29
158,Vardo,NO,2020-02-19 03:56:25,70.37,31.11,17.6,72,75,17.22
159,Mumford,GH,2020-02-19 03:56:26,5.26,-0.76,76.55,92,0,3.38
160,Russell,US,2020-02-19 03:56:26,32.35,-85.2,68.0,94,40,4.7
161,Vila Velha,BR,2020-02-19 03:56:26,-20.33,-40.29,78.8,88,40,3.36
162,Shumyachi,RU,2020-02-19 03:56:26,53.86,32.42,33.96,93,68,8.99
163,Oktyabrskoye,RU,2020-02-19 03:56:26,43.06,44.74,23.0,85,0,4.47
164,Joacaba,BR,2020-02-19 03:56:26,-27.18,-51.5,65.03,98,100,1.05
165,Yar-Sale,RU,2020-02-19 03:56:27,66.83,70.83,22.64,91,62,14.16
166,Meiktila,MM,2020-02-19 03:56:27,20.87,95.87,76.69,25,67,11.16
167,Tautira,PF,2020-02-19 03:56:27,-17.73,-149.15,86.0,70,40,12.75
168,Brae,GB,2020-02-19 03:56:27,60.4,-1.35,42.8,77,94,3.36
169,Bhiwani,IN,2020-02-19 03:53:06,28.78,76.13,60.76,26,100,8.9
170,Iqaluit,CA,2020-02-19 03:52:05,63.75,-68.51,-31.0,59,5,3.36
171,Sitka,US,2020-02-19 03:52:07,57.05,-135.33,42.8,79,75,13.87
172,Luderitz,NA,2020-02-19 03:51:34,-26.65,15.16,63.14,97,51,11.9
173,Richards Bay,ZA,2020-02-19 03:56:28,-28.78,32.04,76.06,88,100,23.35
174,Mehriz,IR,2020-02-19 03:56:28,31.59,54.43,42.8,45,40,2.24
175,Umm Lajj,SA,2020-02-19 03:56:29,25.02,37.27,58.05,56,0,2.26
176,Norman Wells,CA,2020-02-19 03:52:10,65.28,-126.83,-2.2,70,75,5.82
177,Chulym,RU,2020-02-19 03:56:29,55.1,80.96,19.17,92,100,18.37
178,Kapuskasing,CA,2020-02-19 03:56:29,49.42,-82.43,5.0,77,90,14.99
179,Port Hedland,AU,2020-02-19 03:56:29,-20.32,118.57,95.0,41,1,10.29
180,Bozhou,CN,2020-02-19 03:56:29,33.88,115.77,50.94,45,100,7.99
181,Ahipara,NZ,2020-02-19 03:56:30,-35.17,173.17,75.99,96,0,3.0
182,Kigoma,TZ,2020-02-19 03:56:30,-4.88,29.63,69.8,94,75,6.51
183,Pisco,PE,2020-02-19 03:56:30,-13.7,-76.22,77.0,73,90,9.17
184,Port-Cartier,CA,2020-02-19 03:56:30,50.03,-66.87,19.99,92,90,19.46
185,Hasaki,JP,2020-02-19 03:56:30,35.73,140.83,55.0,43,75,4.7
186,Bonavista,CA,2020-02-19 03:53:26,48.65,-53.11,12.0,76,10,8.01
187,Rio Grande,BR,2020-02-19 03:54:46,-32.03,-52.1,73.15,75,1,15.79
188,Khatanga,RU,2020-02-19 03:56:31,71.97,102.5,-8.57,89,0,7.74
189,Inverell,AU,2020-02-19 03:56:31,-29.78,151.12,81.0,49,100,8.99
190,Riyadh,SA,2020-02-19 03:52:54,24.69,46.72,64.4,31,82,4.7
191,Ocu,JP,2020-02-19 03:56:31,35.0,135.87,53.01,46,75,4.7
192,Thinadhoo,MV,2020-02-19 03:53:31,0.53,72.93,82.36,81,0,14.74
193,Comodoro Rivadavia,AR,2020-02-19 03:56:32,-45.87,-67.5,64.4,31,100,13.87
194,Victoria,HK,2020-02-19 03:55:25,22.29,114.16,70.0,39,20,11.41
195,Sinnamary,GF,2020-02-19 03:52:24,5.38,-52.95,78.76,78,92,19.62
196,Kavaratti,IN,2020-02-19 03:56:32,10.57,72.64,82.4,78,20,4.7
197,Longyearbyen,SJ,2020-02-19 03:56:32,78.22,15.64,3.2,65,40,23.04
198,Pauini,BR,2020-02-19 03:56:33,-7.71,-66.98,74.93,94,92,1.63
199,Sheridan,US,2020-02-19 03:56:33,44.83,-106.92,19.4,79,90,14.99
200,Kavieng,PG,2020-02-19 03:52:25,-2.57,150.8,84.04,74,53,9.64
201,Filadelfia,US,2020-02-19 03:55:44,39.95,-75.16,54.0,76,90,5.01
202,Lompoc,US,2020-02-19 03:55:06,34.64,-120.46,55.4,62,1,4.7
203,Amapa,BR,2020-02-19 03:56:34,1.0,-52.0,71.67,98,66,3.29
204,Vadso,NO,2020-02-19 03:56:34,70.07,29.75,21.2,72,75,17.22
205,Alice Springs,AU,2020-02-19 03:56:34,-23.7,133.88,87.8,14,0,14.99
206,Noumea,NC,2020-02-19 03:53:40,-22.28,166.46,87.8,52,90,10.29
207,Qaqortoq,GL,2020-02-19 03:56:35,60.72,-46.03,12.2,56,32,3.36
208,Necochea,AR,2020-02-19 03:56:35,-38.55,-58.74,51.01,86,0,5.99
209,Thompson,CA,2020-02-19 03:51:45,55.74,-97.86,-11.2,69,5,9.17
210,Samarai,PG,2020-02-19 03:56:35,-10.62,150.67,91.47,48,82,4.81
211,Ribeira Grande,PT,2020-02-19 03:51:49,38.52,-28.7,56.17,87,33,13.89
212,Ewa Beach,US,2020-02-19 03:52:28,21.32,-158.01,80.6,78,90,9.17
213,Nakhon Si Thammarat,TH,2020-02-19 03:56:36,8.43,99.97,84.2,83,40,9.17
214,Kabinda,CD,2020-02-19 03:56:36,-6.13,24.48,67.06,95,100,0.83
215,Pevek,RU,2020-02-19 03:56:36,69.7,170.31,-23.06,99,100,4.34
216,Titisee-Neustadt,DE,2020-02-19 03:56:36,47.9,8.17,45.0,70,75,12.75
217,Torbay,CA,2020-02-19 03:56:36,47.67,-52.73,15.01,72,20,12.75
218,Mandalgovi,MN,2020-02-19 03:56:37,45.76,106.27,14.23,81,63,6.85
219,Abalak,RU,2020-02-19 03:56:37,58.13,68.59,24.73,95,99,8.7
220,Anton Lizardo,MX,2020-02-19 03:56:37,19.05,-95.98,73.4,94,40,4.72
221,Alasehir,TR,2020-02-19 03:56:37,38.35,28.52,38.3,82,0,0.51
222,Darhan,MN,2020-02-19 03:56:37,49.49,105.92,7.93,83,0,2.28
223,Avarua,CK,2020-02-19 03:56:37,-21.21,-159.78,80.6,83,100,9.17
224,Ust-Nera,RU,2020-02-19 03:56:38,64.57,143.2,-13.29,97,100,3.06
225,San Carlos De Bariloche,AR,2020-02-19 03:52:09,-41.15,-71.31,53.6,66,75,16.11
226,Mendoza,AR,2020-02-19 03:56:38,-32.89,-68.83,68.0,49,0,4.7
227,Chontalpa,MX,2020-02-19 03:56:38,17.7,-93.52,71.33,91,0,1.92
228,Sao Filipe,CV,2020-02-19 03:56:38,14.9,-24.5,78.64,42,100,16.89
229,Katsuura,JP,2020-02-19 03:56:39,35.13,140.3,55.0,40,75,9.17
230,Matara,LK,2020-02-19 03:53:55,5.95,80.54,77.95,67,2,4.59
231,Velyka Bahachka,UA,2020-02-19 03:56:39,49.79,33.72,35.06,92,1,6.87
232,Mount Gambier,AU,2020-02-19 03:56:39,-37.83,140.77,64.4,63,90,18.34
233,Bilibino,RU,2020-02-19 03:52:39,68.05,166.44,-25.64,97,13,2.01
234,Marovoay,MG,2020-02-19 03:56:39,-16.1,46.63,77.0,94,40,2.24
235,Tuy Hoa,VN,2020-02-19 03:56:40,13.08,109.3,75.45,78,31,19.1
236,Wanaka,NZ,2020-02-19 03:56:40,-44.7,169.15,57.4,58,28,8.03
237,Kholm-Zhirkovskiy,RU,2020-02-19 03:56:40,55.52,33.47,34.56,93,100,9.73
238,Dingle,PH,2020-02-19 03:52:49,11.0,122.67,77.58,79,76,18.86
239,Nenjiang,CN,2020-02-19 03:56:40,49.18,125.22,14.25,74,0,7.9
240,Lagoa,PT,2020-02-19 03:52:33,39.05,-27.98,60.19,75,18,18.68
241,Yuci,CN,2020-02-19 03:56:41,37.68,112.73,44.6,20,33,2.24
242,Naze,JP,2020-02-19 03:56:41,28.37,129.48,62.6,48,75,4.7
243,Acajutla,SV,2020-02-19 03:56:42,13.59,-89.83,82.44,74,69,9.82
244,Whitehorse,CA,2020-02-19 03:56:42,60.72,-135.05,28.4,79,75,19.46
245,Itaituba,BR,2020-02-19 03:56:42,-4.28,-55.98,74.82,89,80,0.25
246,Sobolevo,RU,2020-02-19 03:56:42,54.43,31.9,33.17,92,36,9.84
247,Sapa,PH,2020-02-19 03:56:42,5.15,120.32,82.22,74,97,10.65
248,Yellowknife,CA,2020-02-19 03:52:18,62.46,-114.35,-9.0,76,75,10.29
249,Poltavka,RU,2020-02-19 03:56:43,54.37,71.76,27.5,93,100,12.75
250,Sabang,ID,2020-02-19 03:56:43,5.89,95.32,83.07,77,18,20.76
251,Ongandjera,NA,2020-02-19 03:56:43,-17.88,15.07,70.43,33,67,5.59
252,Hambantota,LK,2020-02-19 03:56:43,6.12,81.12,78.8,78,5,6.93
253,Namatanai,PG,2020-02-19 03:56:44,-3.67,152.43,80.55,81,100,6.58
254,Barranca,PE,2020-02-19 03:56:44,-10.75,-77.77,72.03,92,100,12.3
255,Mar Del Plata,AR,2020-02-19 03:56:44,-38.0,-57.56,60.01,93,0,2.24
256,West Lafayette,US,2020-02-19 03:54:35,40.43,-86.91,30.99,86,1,8.05
257,Martapura,ID,2020-02-19 03:56:44,-3.42,114.85,85.57,63,97,3.87
258,Oistins,BB,2020-02-19 03:56:45,13.07,-59.53,78.8,78,75,17.22
259,Cherskiy,RU,2020-02-19 03:56:45,68.75,161.3,-20.79,96,100,5.37
260,Dikson,RU,2020-02-19 03:56:45,73.51,80.55,16.41,88,100,38.14
261,Coihaique,CL,2020-02-19 03:56:45,-45.58,-72.07,48.2,76,90,2.24
262,Mataram,ID,2020-02-19 03:55:11,-8.58,116.12,86.0,74,40,4.7
263,Afsin,TR,2020-02-19 03:56:46,38.25,36.91,25.79,99,100,3.56
264,Talnakh,RU,2020-02-19 03:56:46,69.49,88.4,10.4,85,40,33.55
265,Buraydah,SA,2020-02-19 03:53:08,26.33,43.98,60.8,59,20,2.24
266,Wattegama,LK,2020-02-19 03:56:46,6.8,81.48,78.8,78,5,6.93
267,Fili,RU,2020-02-19 03:56:47,55.74,37.49,41.0,93,75,8.95
268,Terre-De-Bas,GP,2020-02-19 03:56:47,15.85,-61.64,75.2,83,9,3.36
269,Zonguldak,TR,2020-02-19 03:56:47,41.25,31.83,32.38,63,0,5.03
270,Tessalit,ML,2020-02-19 03:53:42,20.2,1.01,65.73,16,33,12.17
271,Honningsvag,NO,2020-02-19 03:56:47,70.98,25.97,23.0,49,75,19.46
272,Touros,BR,2020-02-19 03:56:47,-5.2,-35.46,78.8,88,40,3.36
273,Tucumcari,US,2020-02-19 03:56:48,35.17,-103.72,42.8,52,90,9.17
274,Khromtau,KZ,2020-02-19 03:56:48,50.25,58.43,22.75,82,100,18.19
275,Caravelas,BR,2020-02-19 03:53:11,-17.71,-39.25,80.4,83,21,12.8
276,Nesna,NO,2020-02-19 03:56:48,66.2,13.02,20.32,78,80,2.15
277,La Ronge,CA,2020-02-19 03:56:48,55.1,-105.28,-14.8,68,5,4.7
278,Atar,MR,2020-02-19 03:56:48,20.52,-13.05,70.57,14,68,10.6
279,Broken Hill,AU,2020-02-19 03:56:49,-31.95,141.43,75.2,36,0,17.22
280,Camacha,PT,2020-02-19 03:56:49,33.08,-16.33,59.0,67,75,17.22
281,Biak,ID,2020-02-19 03:56:49,-0.91,122.88,85.14,67,100,7.85
282,San Quintin,MX,2020-02-19 03:56:49,30.48,-115.95,57.43,83,53,5.77
283,Pitimbu,BR,2020-02-19 03:56:49,-7.47,-34.81,78.8,88,40,4.7
284,Humaita,BR,2020-02-19 03:56:49,-7.51,-63.02,76.14,94,89,0.65
285,Twentynine Palms,US,2020-02-19 03:56:50,34.14,-116.05,69.8,20,1,5.82
286,Angoche,MZ,2020-02-19 03:56:50,-16.23,39.91,74.26,97,86,4.34
287,Ishigaki,JP,2020-02-19 03:56:50,24.34,124.16,68.0,49,40,9.17
288,Itanhem,BR,2020-02-19 03:56:50,-17.17,-40.33,66.97,96,0,2.51
289,Opuwo,NA,2020-02-19 03:56:50,-18.06,13.84,64.89,41,43,2.44
290,Kjollefjord,NO,2020-02-19 03:56:50,70.95,27.35,23.0,49,75,19.46
291,Simi,SL,2020-02-19 03:56:51,9.57,-12.35,68.65,93,0,2.17
292,Palmer,US,2020-02-19 03:54:57,42.16,-72.33,36.0,99,90,2.62
293,Batagay-Alyta,RU,2020-02-19 03:56:51,67.8,130.41,-7.06,80,70,4.99
294,Takoradi,GH,2020-02-19 03:51:54,4.88,-1.76,76.78,92,0,3.11
295,Winslow,US,2020-02-19 03:56:51,35.02,-110.7,37.4,51,1,3.36
296,Soller,ES,2020-02-19 03:56:52,39.77,2.72,52.0,87,62,2.24
297,Poum,NC,2020-02-19 03:53:00,-20.23,164.02,80.58,79,0,20.58
298,Port-Gentil,GA,2020-02-19 03:56:52,-0.72,8.78,81.97,78,72,5.23
299,Ilulissat,GL,2020-02-19 03:51:54,69.22,-51.1,1.4,70,100,6.93
300,Ylivieska,FI,2020-02-19 03:56:52,64.08,24.67,30.99,91,69,7.0
301,Andenes,NO,2020-02-19 03:56:52,69.31,16.12,28.99,58,100,17.22
302,Saint Anthony,US,2020-02-19 03:56:53,45.02,-93.22,10.99,55,1,12.75
303,Jibuti,DJ,2020-02-19 03:56:53,11.5,42.5,77.0,78,40,5.82
304,Lienz,AT,2020-02-19 03:56:53,46.83,12.77,28.0,92,84,2.89
305,Ossora,RU,2020-02-19 03:56:53,59.24,163.07,0.79,79,100,8.41
306,Tucuman,AR,2020-02-19 03:52:43,-26.82,-65.22,64.4,93,38,4.7
307,Carnarvon,AU,2020-02-19 03:56:53,-24.87,113.63,82.4,74,100,12.75
308,Morant Bay,JM,2020-02-19 03:56:54,17.88,-76.41,82.4,65,20,8.05
309,Yaan,NG,2020-02-19 03:56:54,7.38,8.57,78.03,19,88,4.56
310,Lavrentiya,RU,2020-02-19 03:56:54,65.58,-171.0,-4.83,80,100,6.69
311,Campbellton,CA,2020-02-19 03:56:54,48.01,-66.67,20.68,95,100,8.08
312,Mahibadhoo,MV,2020-02-19 03:56:54,3.78,72.97,81.28,77,62,18.88
313,Morros,BR,2020-02-19 03:56:54,-9.45,-46.3,76.03,64,100,3.42
314,Tanout,NE,2020-02-19 03:53:00,14.97,8.89,60.8,25,1,12.44
315,Ferrol,ES,2020-02-19 03:56:55,43.48,-8.24,42.01,100,90,6.93
316,Kiama,AU,2020-02-19 03:56:55,-34.68,150.87,81.0,38,75,17.22
317,Boundiali,CI,2020-02-19 03:56:55,9.52,-6.49,70.57,24,0,0.45
318,Dunedin,NZ,2020-02-19 03:52:47,-45.87,170.5,63.0,66,100,3.78
319,Khilok,RU,2020-02-19 03:56:56,51.37,110.47,13.17,76,84,2.1
320,Kota Kinabalu,MY,2020-02-19 03:56:56,5.97,116.07,86.0,70,20,4.7
321,Muzhi,RU,2020-02-19 03:56:56,65.37,64.67,29.41,85,88,13.65
322,Mount Isa,AU,2020-02-19 03:56:56,-20.73,139.5,98.6,32,40,10.29
323,Capanema,BR,2020-02-19 03:56:56,-1.2,-47.18,75.36,98,93,2.55
324,Gwanda,ZW,2020-02-19 03:56:57,-20.93,29.0,66.13,91,0,7.74
325,Sisian,AM,2020-02-19 03:56:57,39.53,46.03,33.8,82,90,6.35
326,Walvis Bay,NA,2020-02-19 03:56:57,-22.96,14.51,64.0,90,100,6.6
327,Sao Joao Da Barra,BR,2020-02-19 03:56:57,-21.64,-41.05,77.92,86,0,17.72
328,Teberda,RU,2020-02-19 03:56:57,43.45,41.74,20.8,65,0,9.01
329,Santa Fe,AR,2020-02-19 03:55:51,-31.63,-60.7,69.01,62,0,5.84
330,Francavilla Fontana,IT,2020-02-19 03:56:58,40.53,17.59,52.0,81,42,9.17
331,Darien,US,2020-02-19 03:56:58,41.75,-87.97,28.99,86,1,6.93
332,Chazuta,PE,2020-02-19 03:56:58,-6.57,-76.14,62.6,100,40,1.72
333,Akdepe,TM,2020-02-19 03:56:58,42.06,59.38,23.0,79,0,6.93
334,Zhigansk,RU,2020-02-19 03:56:59,66.77,123.37,-15.81,96,100,12.57
335,Celestun,MX,2020-02-19 03:56:59,20.87,-90.4,81.59,67,2,15.52
336,Luanda,AO,2020-02-19 03:56:38,-8.84,13.23,80.6,88,40,4.7
337,Viedma,AR,2020-02-19 03:56:59,-40.81,-63.0,70.93,30,36,17.02
338,Mehamn,NO,2020-02-19 03:56:59,71.04,27.85,23.0,49,75,19.46
339,Makasar,ID,2020-02-19 03:54:18,-5.14,119.42,77.0,94,20,6.93
340,Ust-Kuyga,RU,2020-02-19 03:53:28,70.02,135.6,-11.74,97,99,9.04
341,Baker City,US,2020-02-19 03:57:00,44.77,-117.83,27.0,68,1,4.7
342,Dongying,CN,2020-02-19 03:55:22,37.46,118.49,47.28,41,13,3.91
343,Dengzhou,CN,2020-02-19 03:57:00,37.81,120.75,40.26,68,0,2.21
344,Palana,RU,2020-02-19 03:57:00,59.12,159.97,-2.47,92,100,2.62
345,Mucurapo,TT,2020-02-19 03:57:00,10.67,-61.53,77.0,88,20,5.82
346,Tongchuan,CN,2020-02-19 03:57:01,35.08,109.09,47.93,22,33,4.9
347,Ostrovnoy,RU,2020-02-19 03:52:46,68.05,39.51,14.31,98,99,4.05
348,Bambous Virieux,MU,2020-02-19 03:57:01,-20.34,57.76,79.0,69,40,9.17
349,Ndele,CF,2020-02-19 03:57:01,8.41,20.65,70.27,32,0,0.4
350,Grindavik,IS,2020-02-19 03:57:01,63.84,-22.43,28.4,92,40,10.29
351,Verkhnevilyuysk,RU,2020-02-19 03:57:01,63.45,120.32,-6.52,95,71,4.27
352,Saint George,US,2020-02-19 03:57:02,37.1,-113.58,46.99,43,1,5.82
353,Elmadag,TR,2020-02-19 03:57:02,39.92,33.23,32.0,85,0,1.52
354,Klobuck,PL,2020-02-19 03:57:02,50.9,18.94,39.0,80,75,11.41
355,Beipiao,CN,2020-02-19 03:57:02,41.79,120.78,31.06,40,85,5.41
356,Fort Nelson,CA,2020-02-19 03:57:03,58.81,-122.7,10.4,78,20,6.93
357,Margate,GB,2020-02-19 03:57:03,51.38,1.39,39.99,73,0,13.87
358,Reconquista,AR,2020-02-19 03:57:03,-29.15,-59.65,67.87,55,91,3.09
359,Olinda,BR,2020-02-19 03:55:15,-8.01,-34.86,78.8,83,90,1.12
360,Tashtyp,RU,2020-02-19 03:57:03,52.79,89.9,9.75,90,80,3.76
361,Beringovskiy,RU,2020-02-19 03:52:24,63.05,179.32,-8.05,83,96,17.16
362,Kuah,MY,2020-02-19 03:57:04,6.33,99.84,87.8,66,40,12.75
363,Severnoye,RU,2020-02-19 03:57:04,56.35,78.36,22.51,93,100,10.49
364,Bonito,BR,2020-02-19 03:57:04,-21.12,-56.48,77.86,78,100,2.13
365,Launceston,AU,2020-02-19 03:57:04,-41.45,147.17,57.0,71,75,21.92
366,Saint-Augustin,CA,2020-02-19 03:57:04,51.23,-58.65,11.91,88,67,9.46
367,Carutapera,BR,2020-02-19 03:57:04,-1.2,-46.02,81.14,83,100,18.21
368,Nola,IT,2020-02-19 03:57:05,40.92,14.53,54.0,93,40,3.36
369,Mlowo,TZ,2020-02-19 03:57:05,-9.0,32.98,59.36,94,75,1.81
370,Seoul,KR,2020-02-19 03:53:14,37.57,126.98,39.2,48,1,4.7
371,Portland,US,2020-02-19 03:52:18,45.52,-122.68,45.0,45,1,12.75
372,Kristianstad,SE,2020-02-19 03:57:05,56.03,14.15,41.0,100,100,16.11
373,Ancud,CL,2020-02-19 03:57:05,-41.87,-73.82,48.2,87,6,5.82
374,Mizdah,LY,2020-02-19 03:57:06,31.45,12.98,44.64,73,0,2.55
375,Port Lincoln,AU,2020-02-19 03:57:06,-34.73,135.87,62.15,61,100,13.27
376,Gejiu,CN,2020-02-19 03:57:06,23.31,103.16,55.99,70,29,5.79
377,Yinchuan,CN,2020-02-19 03:57:06,38.47,106.27,34.86,27,0,1.86
378,Polyarnyy,RU,2020-02-19 03:57:06,69.2,33.45,3.2,84,20,4.36
379,Severo-Kurilsk,RU,2020-02-19 03:57:06,50.68,156.12,20.57,85,100,5.35
380,Turochak,RU,2020-02-19 03:57:07,52.26,87.12,15.08,92,100,4.36
381,Kano,NG,2020-02-19 03:57:07,12.0,8.52,62.6,36,100,5.82
382,Constitucion,CL,2020-02-19 03:57:07,-35.33,-72.42,59.4,68,0,6.8
383,Amahai,ID,2020-02-19 03:57:07,-3.33,128.92,83.71,68,100,4.81
384,Dubai,AE,2020-02-19 03:52:35,25.26,55.3,66.2,77,9,3.36
385,Nadym,RU,2020-02-19 03:57:07,65.53,72.52,23.68,92,100,13.31
386,Port Hardy,CA,2020-02-19 03:57:08,50.7,-127.42,37.4,89,5,3.36
387,Hualmay,PE,2020-02-19 03:57:08,-11.1,-77.61,72.52,77,100,4.34
388,Souillac,MU,2020-02-19 03:57:08,-20.52,57.52,79.0,69,40,9.17
389,Arman,RU,2020-02-19 03:57:08,59.7,150.17,3.24,68,0,3.91
390,Muisne,EC,2020-02-19 03:57:08,0.6,-80.03,77.52,93,47,3.8
391,Galle,LK,2020-02-19 03:57:09,6.04,80.22,77.0,80,0,5.84
392,Jiaozuo,CN,2020-02-19 03:57:09,35.24,113.23,54.73,26,100,5.12
393,Chapais,CA,2020-02-19 03:57:09,49.78,-74.85,12.2,85,75,4.7
394,Mitsamiouli,KM,2020-02-19 03:57:09,-11.38,43.28,78.8,88,20,5.82
395,Forbes,AU,2020-02-19 03:57:09,-33.38,148.02,79.0,32,0,5.01
396,Grand Gaube,MU,2020-02-19 03:52:34,-20.01,57.66,79.0,69,40,9.17
397,Hamilton,US,2020-02-19 03:55:31,39.18,-84.53,37.0,86,1,3.36
398,Horodyshche,UA,2020-02-19 03:57:10,49.28,31.45,36.61,90,0,7.74
399,San Pedro De Cajas,PE,2020-02-19 03:57:10,-11.25,-75.86,41.22,89,100,2.95
400,Kamaishi,JP,2020-02-19 03:57:10,39.27,141.88,39.2,60,75,13.87
401,Najran,SA,2020-02-19 03:57:10,17.49,44.13,62.6,42,2,0.89
402,Sumenep,ID,2020-02-19 03:57:11,-7.02,113.87,80.28,80,99,8.16
403,Usinsk,RU,2020-02-19 03:57:11,65.99,57.53,33.01,98,100,15.73
404,Kaeo,NZ,2020-02-19 03:57:11,-35.1,173.78,82.99,96,32,3.0
405,Contamana,PE,2020-02-19 03:57:11,-7.33,-75.02,76.87,78,0,1.59
406,Kloulklubed,PW,2020-02-19 03:52:30,7.04,134.26,82.4,74,75,18.34
407,Mbandaka,CD,2020-02-19 03:57:12,0.05,18.26,69.21,97,100,2.24
408,Pangnirtung,CA,2020-02-19 03:57:12,66.15,-65.71,-29.18,98,100,1.68
409,Korla,CN,2020-02-19 03:57:12,41.76,86.15,27.0,88,100,3.09
410,Mitu,CO,2020-02-19 03:54:49,1.2,-70.17,73.27,96,0,0.98
411,Havre-Saint-Pierre,CA,2020-02-19 03:57:12,50.23,-63.6,17.6,78,90,14.99
412,Kalmunai,LK,2020-02-19 03:52:21,7.42,81.82,79.05,69,14,12.53
413,Trairi,BR,2020-02-19 03:57:13,-3.28,-39.27,74.68,92,100,1.23
414,Itarema,BR,2020-02-19 03:57:13,-2.92,-39.92,75.74,92,100,2.91
415,Ponta Delgada,PT,2020-02-19 03:52:49,37.73,-25.67,59.0,87,75,6.93
416,Kununurra,AU,2020-02-19 03:57:13,-15.77,128.73,93.2,46,66,6.93
417,Rocha,UY,2020-02-19 03:54:26,-34.48,-54.33,65.19,90,59,6.55
418,Nouakchott,MR,2020-02-19 03:56:54,18.09,-15.98,71.6,14,28,10.29
419,Olafsvik,IS,2020-02-19 03:57:14,64.89,-23.71,32.09,71,56,11.27
420,Conceicao Da Barra,BR,2020-02-19 03:57:14,-18.59,-39.73,80.33,81,0,11.97
421,Denpasar,ID,2020-02-19 03:57:14,-8.65,115.22,87.8,79,20,11.41
422,Guerrero Negro,MX,2020-02-19 03:57:14,27.98,-114.06,61.3,82,100,10.8
423,Cayenne,GF,2020-02-19 03:53:04,4.93,-52.33,80.6,74,75,9.17
424,Husavik,IS,2020-02-19 03:57:15,66.04,-17.34,24.8,92,20,11.68
425,Oyama,JP,2020-02-19 03:57:15,36.3,139.8,54.0,29,40,4.7
426,Karaton,ID,2020-02-19 03:57:15,-6.34,106.1,80.6,88,40,9.17
427,Bijar,IR,2020-02-19 03:57:15,35.87,47.61,31.75,96,100,2.57
428,Mangai,CD,2020-02-19 03:57:15,-4.05,19.53,71.1,97,81,1.48
429,Luang Prabang,LA,2020-02-19 03:57:16,19.89,102.13,71.6,56,40,2.24
430,San Joaquin,VE,2020-02-19 03:57:16,10.26,-67.79,75.74,92,58,16.6
431,Ceuta,ES,2020-02-19 03:57:16,35.89,-5.31,60.8,82,40,12.75
432,Lata,PT,2020-02-19 03:57:16,40.16,-8.33,48.99,100,0,1.12
433,Sao Felix Do Xingu,BR,2020-02-19 03:57:16,-6.64,-51.99,73.96,96,100,0.89
434,Isangel,VU,2020-02-19 03:53:23,-19.55,169.27,87.8,62,75,9.17
435,Tilichiki,RU,2020-02-19 03:57:17,60.47,166.1,-11.34,92,93,9.64
436,Nokaneng,BW,2020-02-19 03:57:17,-19.67,22.27,69.53,92,95,6.89
437,Tungor,RU,2020-02-19 03:57:17,53.38,142.96,5.43,90,86,8.68
438,Emba,KZ,2020-02-19 03:57:17,48.83,58.14,18.99,84,100,12.71
439,Srednekolymsk,RU,2020-02-19 03:57:17,67.45,153.68,-10.16,97,96,5.23
440,Liling,CN,2020-02-19 03:57:18,27.67,113.5,50.0,61,97,2.24
441,Sola,VU,2020-02-19 03:57:18,-13.88,167.55,89.6,66,75,5.82
442,Tiznit,MA,2020-02-19 03:57:18,29.58,-9.5,59.83,38,97,1.05
443,Baykit,RU,2020-02-19 03:57:18,61.67,96.37,6.06,96,97,2.3
444,Soe,ID,2020-02-19 03:57:19,-9.86,124.28,87.08,61,59,5.59
445,Damietta,EG,2020-02-19 03:57:19,31.42,31.81,57.2,87,40,11.41
446,Devarkonda,IN,2020-02-19 03:57:19,16.7,78.93,73.72,65,26,2.15
447,Bayji,IQ,2020-02-19 03:57:19,34.93,43.49,56.07,78,90,16.4
448,Yining,CN,2020-02-19 03:57:19,29.04,114.56,56.23,50,65,1.9
449,Pryazha,RU,2020-02-19 03:57:19,61.69,33.62,37.4,86,75,13.42
450,Raahe,FI,2020-02-19 03:57:20,64.68,24.48,32.0,100,90,13.87
451,Belyy Yar,RU,2020-02-19 03:53:20,53.6,91.39,21.2,67,22,15.66
452,Kuna,US,2020-02-19 03:57:20,43.49,-116.42,33.8,57,1,2.39
453,Belgrade,RS,2020-02-19 03:57:20,44.8,20.47,43.0,80,0,4.7
454,Gat,IL,2020-02-19 03:52:24,31.61,34.76,57.2,82,75,4.7
455,Nantucket,US,2020-02-19 03:57:06,41.28,-70.1,48.99,100,90,8.05
456,Mlonggo,ID,2020-02-19 03:57:21,-6.53,110.7,84.99,74,40,8.05
457,Mezen,RU,2020-02-19 03:57:21,65.85,44.24,29.14,98,100,2.93
458,Krasnoselkup,RU,2020-02-19 03:57:21,65.7,82.47,12.4,92,100,22.32
459,Tartus,SY,2020-02-19 03:57:21,34.89,35.89,57.2,54,40,6.93
460,Mykolayiv,UA,2020-02-19 03:57:21,46.97,32.0,42.01,93,98,4.47
461,Odweyne,SO,2020-02-19 03:53:07,9.41,45.06,62.06,64,0,2.01
462,Porbandar,IN,2020-02-19 03:57:22,21.64,69.61,69.8,60,14,2.44
463,Bethanien,NA,2020-02-19 03:57:22,-26.5,17.16,74.07,59,2,6.67
464,Morehead,US,2020-02-19 03:57:22,37.27,-87.18,37.99,86,1,5.82
465,Santa Isabel Do Rio Negro,BR,2020-02-19 03:57:22,-0.41,-65.02,81.0,73,47,2.1
466,Ferkessedougou,CI,2020-02-19 03:57:23,9.6,-5.2,73.2,17,0,3.06
467,Keti Bandar,PK,2020-02-19 03:57:23,24.14,67.45,74.35,62,100,9.93
468,Polunochnoye,RU,2020-02-19 03:57:23,60.87,60.42,25.68,88,47,6.51
469,Sokol,RU,2020-02-19 03:57:23,59.46,40.12,33.42,97,100,9.89
470,Sonkovo,RU,2020-02-19 03:57:24,57.78,37.16,33.39,97,100,11.95
471,Pokhara,NP,2020-02-19 03:56:07,28.23,83.98,64.31,62,0,1.95
472,Mount Pleasant,US,2020-02-19 03:57:24,32.79,-79.86,62.6,100,90,3.69
473,Benicarlo,ES,2020-02-19 03:57:24,40.42,0.43,48.11,62,0,7.78
474,Limoges,FR,2020-02-19 03:57:24,45.75,1.33,43.0,93,97,6.93
475,Havre,FR,2020-02-19 03:57:24,49.58,0.33,42.8,93,90,14.99
476,Warman,CA,2020-02-19 03:57:25,52.32,-106.57,-18.0,75,5,5.82
477,Huai Yot,TH,2020-02-19 03:57:25,7.79,99.63,86.0,58,20,11.41
478,Lincoln,US,2020-02-19 03:57:25,40.8,-96.67,32.0,80,1,5.82
479,La Crosse,US,2020-02-19 03:57:25,43.8,-91.24,15.01,85,1,9.17
480,Sibolga,ID,2020-02-19 03:57:26,1.74,98.78,84.36,57,18,2.95
481,Veraval,IN,2020-02-19 03:57:26,20.9,70.37,74.84,37,1,6.13
482,Los Llanos De Aridane,ES,2020-02-19 03:57:26,28.66,-17.92,64.4,68,90,13.87
483,Severo-Yeniseyskiy,RU,2020-02-19 03:57:26,60.37,93.04,13.06,85,83,12.12
484,Waddan,LY,2020-02-19 03:57:27,29.16,16.14,50.72,70,0,2.93
485,Mayo,US,2020-02-19 03:57:27,38.89,-76.51,55.0,81,40,3.36
486,Urumqi,CN,2020-02-19 03:57:27,43.8,87.6,26.6,86,40,2.24
487,Aban,RU,2020-02-19 03:57:27,56.67,96.06,17.53,90,100,8.72
488,Muravlenko,RU,2020-02-19 03:57:27,63.79,74.52,30.36,93,100,14.14
489,Okha,RU,2020-02-19 03:57:27,53.57,142.95,5.43,90,86,8.68
490,Salvador,SV,2020-02-19 03:57:28,13.83,-88.92,77.0,61,99,1.81
491,Hami,CN,2020-02-19 03:57:28,42.8,93.45,25.03,52,100,6.78
492,Taltal,CL,2020-02-19 03:57:28,-25.4,-70.48,61.05,89,13,2.1
493,Banfora,BF,2020-02-19 03:57:28,10.63,-4.77,72.64,12,0,4.21
494,Dianalund,DK,2020-02-19 03:57:28,55.53,11.49,41.0,100,100,17.22
495,Palu,ID,2020-02-19 03:57:29,-0.89,119.87,82.33,56,100,3.62
496,Rovnoye,RU,2020-02-19 03:57:29,50.78,46.05,33.22,90,100,14.61
497,Juneau,US,2020-02-19 03:55:12,58.3,-134.42,39.2,86,75,8.05
498,Daru,PG,2020-02-19 03:57:29,-9.08,143.21,93.22,51,69,6.58
499,Huarmey,PE,2020-02-19 03:57:29,-10.07,-78.15,73.31,74,100,3.83
500,Barcelos,PT,2020-02-19 03:57:30,41.54,-8.62,45.0,93,0,2.24
501,Liuhe,CN,2020-02-19 03:57:30,42.24,125.72,24.87,84,55,5.37
502,Letpadan,MM,2020-02-19 03:57:30,17.78,95.75,85.1,25,1,2.75
503,Kaitong,CN,2020-02-19 03:57:30,44.81,123.15,20.17,70,0,5.32
504,Rio De Janeiro,BR,2020-02-19 03:54:59,-22.9,-43.21,82.4,83,98,5.82
505,Latehar,IN,2020-02-19 03:57:30,23.75,84.5,68.65,20,0,2.28
506,Teya,RU,2020-02-19 03:57:31,60.38,92.63,12.78,87,89,10.83
507,Tetouan,MA,2020-02-19 03:57:31,35.57,-5.37,60.8,82,40,12.75
508,Gazanjyk,TM,2020-02-19 03:57:31,39.24,55.52,31.93,84,0,12.03
509,Okhotsk,RU,2020-02-19 03:57:31,59.38,143.3,1.96,75,10,8.86
510,Ejea De Los Caballeros,ES,2020-02-19 03:57:31,42.13,-1.14,42.8,84,0,8.05
511,San Francisco De Coray,HN,2020-02-19 03:57:32,13.66,-87.53,84.2,64,40,5.82
512,Galveston,US,2020-02-19 03:57:32,29.37,-94.97,70.0,94,90,8.05
513,Novikovo,RU,2020-02-19 03:57:32,51.15,37.89,33.53,97,100,6.69
514,Kieta,PG,2020-02-19 03:57:32,-6.22,155.63,86.2,70,100,10.94
515,Balakovo,RU,2020-02-19 03:57:32,52.03,47.8,33.39,93,100,14.76
516,Changli,CN,2020-02-19 03:57:33,39.7,119.15,38.75,61,0,15.26
517,Monterey,US,2020-02-19 03:57:33,36.25,-121.25,55.0,76,1,4.7
518,Awbari,LY,2020-02-19 03:57:33,26.59,12.78,47.53,65,0,4.54
519,Kindu,CD,2020-02-19 03:57:33,-2.95,25.95,70.2,98,100,1.7
520,Port Macquarie,AU,2020-02-19 03:57:33,-31.43,152.92,91.99,61,40,12.75
521,Ekhabi,RU,2020-02-19 03:57:33,53.51,142.97,5.43,90,86,8.68
522,Kanigiri,IN,2020-02-19 03:57:34,15.4,79.52,74.17,68,99,4.92
523,Ialibu,PG,2020-02-19 03:57:34,-6.28,143.99,74.46,68,100,6.96
524,Ouro Fino,BR,2020-02-19 03:55:36,-22.28,-46.37,67.64,91,100,3.91
525,Thunder Bay,CA,2020-02-19 03:53:55,48.4,-89.32,6.8,55,5,10.29
526,Black River,JM,2020-02-19 03:57:34,18.03,-77.85,78.8,83,20,8.05
527,Itubera,BR,2020-02-19 03:52:56,-13.73,-39.15,73.09,95,23,0.4
528,Tartasesti,RO,2020-02-19 03:57:35,44.58,25.81,48.99,81,90,5.82
529,Kaabong,UG,2020-02-19 03:57:35,3.48,34.15,70.52,62,82,11.41
530,Guna,IN,2020-02-19 03:55:23,24.65,77.32,68.38,21,0,6.67
531,Joshimath,IN,2020-02-19 03:57:35,30.57,79.57,41.49,26,100,3.18
532,Castro-Urdiales,ES,2020-02-19 03:57:36,43.38,-3.22,46.99,93,0,5.82
533,Quatre Cocos,MU,2020-02-19 03:53:21,-20.21,57.76,79.0,69,40,9.17
534,Paraopeba,BR,2020-02-19 03:57:36,-19.28,-44.4,71.6,83,79,2.24
535,Corowa,AU,2020-02-19 03:57:36,-36.03,146.38,73.99,49,75,18.34
536,Baghdad,IQ,2020-02-19 03:55:53,33.34,44.4,53.6,87,100,3.36
537,Asau,RO,2020-02-19 03:57:37,46.43,26.4,43.0,81,75,5.82
538,Rabat,MA,2020-02-19 03:57:37,33.99,-6.84,61.0,93,75,4.76
539,Bundaberg,AU,2020-02-19 03:57:37,-24.85,152.35,91.0,55,75,10.29
540,Sangerhausen,DE,2020-02-19 03:57:33,51.47,11.3,44.01,81,20,16.11
541,Kahului,US,2020-02-19 03:56:34,20.89,-156.47,75.2,78,20,14.99
542,Aklavik,CA,2020-02-19 03:54:03,68.22,-135.01,12.2,72,75,5.82
543,Tchibanga,GA,2020-02-19 03:57:38,-2.85,11.03,72.95,96,0,0.54
544,Kandrian,PG,2020-02-19 03:53:22,-6.22,149.55,85.32,64,82,12.68
545,Kurchum,KZ,2020-02-19 03:57:38,48.57,83.65,10.51,94,99,5.19
546,Gunnedah,AU,2020-02-19 03:57:38,-30.98,150.25,80.6,57,75,11.41
547,Bayan,CN,2020-02-19 03:57:38,46.08,127.4,16.32,91,100,8.28
548,Iracoubo,GF,2020-02-19 03:57:39,5.48,-53.2,78.76,78,92,19.62
549,Shitanjing,CN,2020-02-19 03:57:39,39.23,106.34,33.8,27,0,4.38
550,El Dovio,CO,2020-02-19 03:57:39,4.51,-76.24,73.4,69,20,4.7
551,Tomigusuku,JP,2020-02-19 03:57:39,26.18,127.67,64.4,48,75,12.75
552,Borba,BR,2020-02-19 03:57:39,-4.39,-59.59,77.49,83,50,0.92
553,Herat,AF,2020-02-19 03:57:39,34.5,62.0,32.0,74,20,3.36
